Trade_ID,Date,Asset_Type,Buy_Sell,Quantity,Price,Value,Portfolio_ID
1,2025-01-01,Option,Buy,66,74.1,4890.599999999999,PF004
2,2025-01-02,Stock,Buy,153,42.4,6487.2,PF001
3,2025-01-03,Option,Buy,147,44.4,6526.8,PF001
4,2025-01-04,Option,Buy,137,103.5,14179.5,PF004
5,2025-01-05,Stock,Sell,158,49.7,7852.6,PF005
6,2025-01-06,Stock,Buy,119,77.3,9198.699999999999,PF003
7,2025-01-07,Option,Sell,123,68.8,8462.4,PF005
8,2025-01-08,Bond,Sell,112,64.3,7201.599999999999,PF003
9,2025-01-09,Option,Buy,109,103.0,11227.0,PF004
10,2025-01-10,Option,Sell,128,41.5,5312.0,PF001
11,2025-01-11,Option,Sell,86,86.5,7439.0,PF001
12,2025-01-12,Option,Sell,71,107.4,7625.400000000001,PF005
13,2025-01-13,Stock,Sell,197,79.2,15602.400000000001,PF001
14,2025-01-14,Option,Buy,145,105.6,15312.0,PF004
15,2025-01-15,Bond,Sell,117,43.7,5112.900000000001,PF005
16,2025-01-16,Stock,Buy,66,69.3,4573.8,PF003
17,2025-01-17,Bond,Sell,61,58.2,3550.2000000000003,PF001
18,2025-01-18,Bond,Sell,199,91.2,18148.8,PF002
19,2025-01-19,Bond,Buy,194,108.7,21087.8,PF001
20,2025-01-20,Bond,Sell,187,58.0,10846.0,PF003
21,2025-01-21,Stock,Sell,167,85.8,14328.6,PF005
22,2025-01-22,Stock,Sell,71,53.9,3826.9,PF003
23,2025-01-23,Bond,Buy,169,79.6,13452.4,PF002
24,2025-01-24,Bond,Sell,99,72.5,7177.5,PF004
25,2025-01-25,Stock,Buy,63,108.0,6804.0,PF001
26,2025-01-26,Stock,Sell,78,82.6,6442.799999999999,PF005
27,2025-01-27,Stock,Buy,174,64.5,11223.0,PF004
28,2025-01-28,Option,Buy,56,48.0,2688.0,PF003
29,2025-01-29,Option,Sell,78,50.6,3946.8,PF005
30,2025-01-30,Option,Sell,188,55.8,10490.4,PF004
31,2025-01-31,Bond,Buy,82,57.6,4723.2,PF005
32,2025-02-01,Option,Buy,183,99.5,18208.5,PF002
33,2025-02-02,Bond,Sell,160,79.3,12688.0,PF002
34,2025-02-03,Bond,Buy,128,76.6,9804.8,PF001
35,2025-02-04,Option,Sell,107,48.0,5136.0,PF001
36,2025-02-05,Bond,Sell,75,100.2,7515.0,PF002
37,2025-02-06,Option,Sell,78,90.6,7066.799999999999,PF005
38,2025-02-07,Option,Sell,53,44.7,2369.1000000000004,PF002
39,2025-02-08,Stock,Buy,148,89.5,13246.0,PF001
40,2025-02-09,Option,Sell,190,78.0,14820.0,PF002
41,2025-02-10,Stock,Buy,88,45.7,4021.6000000000004,PF002
42,2025-02-11,Option,Sell,64,72.1,4614.4,PF005
43,2025-02-12,Option,Buy,168,73.9,12415.2,PF004
44,2025-02-13,Stock,Sell,78,51.6,4024.8,PF001
45,2025-02-14,Stock,Buy,124,106.2,13168.800000000001,PF005
46,2025-02-15,Option,Buy,165,99.5,16417.5,PF002
47,2025-02-16,Bond,Sell,81,86.8,7030.8,PF002
48,2025-02-17,Stock,Sell,179,72.4,12959.6,PF004
49,2025-02-18,Bond,Sell,133,68.8,9150.4,PF001
50,2025-02-19,Bond,Sell,71,85.6,6077.599999999999,PF001
51,2025-02-20,Bond,Buy,76,78.2,5943.2,PF003
52,2025-02-21,Stock,Sell,130,44.4,5772.0,PF001
53,2025-02-22,Bond,Buy,175,75.9,13282.500000000002,PF004
54,2025-02-23,Stock,Buy,141,96.4,13592.400000000001,PF003
55,2025-02-24,Bond,Sell,70,72.1,5047.0,PF003
56,2025-02-25,Option,Buy,96,43.6,4185.6,PF002
57,2025-02-26,Option,Buy,150,95.0,14250.0,PF002
58,2025-02-27,Stock,Buy,133,54.1,7195.3,PF001
59,2025-02-28,Option,Buy,55,58.1,3195.5,PF003
60,2025-03-01,Option,Sell,196,51.5,10094.0,PF002
61,2025-03-02,Bond,Sell,180,63.1,11358.0,PF004
62,2025-03-03,Stock,Sell,50,93.0,4650.0,PF002
63,2025-03-04,Bond,Sell,107,76.4,8174.8,PF002
64,2025-03-05,Bond,Buy,173,54.3,9393.9,PF003
65,2025-03-06,Bond,Buy,64,101.4,6489.6,PF003
66,2025-03-07,Bond,Sell,113,101.6,11480.8,PF005
67,2025-03-08,Bond,Sell,74,100.9,7466.6,PF004
68,2025-03-09,Bond,Sell,73,56.7,4139.1,PF003
69,2025-03-10,Bond,Buy,61,71.6,4367.599999999999,PF001
70,2025-03-11,Stock,Sell,67,108.9,7296.3,PF004
71,2025-03-12,Option,Sell,64,94.0,6016.0,PF004
72,2025-03-13,Bond,Sell,76,41.9,3184.4,PF003
73,2025-03-14,Bond,Buy,121,44.6,5396.6,PF004
74,2025-03-15,Bond,Buy,109,72.5,7902.5,PF003
75,2025-03-16,Bond,Buy,194,103.6,20098.399999999998,PF002
76,2025-03-17,Bond,Buy,142,77.7,11033.4,PF005
77,2025-03-18,Bond,Buy,102,74.8,7629.599999999999,PF002
78,2025-03-19,Option,Buy,57,47.4,2701.7999999999997,PF003
79,2025-03-20,Option,Buy,128,86.0,11008.0,PF003
80,2025-03-21,Bond,Buy,76,97.5,7410.0,PF002
81,2025-03-22,Option,Sell,99,66.6,6593.4,PF001
82,2025-03-23,Stock,Sell,180,94.3,16974.0,PF001
83,2025-03-24,Bond,Buy,142,107.5,15265.0,PF001
84,2025-03-25,Stock,Buy,73,54.3,3963.8999999999996,PF003
85,2025-03-26,Stock,Sell,109,76.6,8349.4,PF004
86,2025-03-27,Bond,Buy,171,60.1,10277.1,PF003
87,2025-03-28,Option,Buy,180,95.5,17190.0,PF004
88,2025-03-29,Stock,Buy,197,80.4,15838.800000000001,PF002
89,2025-03-30,Bond,Sell,95,84.4,8018.000000000001,PF005
90,2025-03-31,Stock,Sell,64,95.9,6137.6,PF004
91,2025-04-01,Stock,Sell,66,67.7,4468.2,PF001
92,2025-04-02,Stock,Sell,175,104.1,18217.5,PF003
93,2025-04-03,Stock,Sell,133,77.3,10280.9,PF002
94,2025-04-04,Option,Buy,58,51.1,2963.8,PF001
95,2025-04-05,Stock,Sell,112,88.7,9934.4,PF002
96,2025-04-06,Stock,Buy,166,95.5,15853.0,PF005
97,2025-04-07,Stock,Buy,179,62.2,11133.800000000001,PF003
98,2025-04-08,Option,Sell,137,100.0,13700.0,PF003
99,2025-04-09,Stock,Sell,121,103.4,12511.400000000001,PF005
100,2025-04-10,Stock,Buy,188,59.4,11167.199999999999,PF003
101,2025-04-11,Option,Buy,113,108.8,12294.4,PF004
102,2025-04-12,Option,Buy,121,49.8,6025.799999999999,PF002
103,2025-04-13,Option,Sell,70,54.1,3787.0,PF001
104,2025-04-14,Stock,Sell,67,52.9,3544.2999999999997,PF005
105,2025-04-15,Option,Sell,113,102.6,11593.8,PF004
106,2025-04-16,Option,Sell,131,85.8,11239.8,PF001
107,2025-04-17,Stock,Sell,159,50.6,8045.400000000001,PF001
108,2025-04-18,Option,Buy,144,70.8,10195.199999999999,PF005
109,2025-04-19,Stock,Sell,81,83.1,6731.099999999999,PF004
110,2025-04-20,Bond,Buy,60,45.8,2748.0,PF001
111,2025-04-21,Option,Buy,94,101.8,9569.199999999999,PF001
112,2025-04-22,Bond,Buy,82,96.3,7896.599999999999,PF004
113,2025-04-23,Stock,Sell,151,75.4,11385.400000000001,PF003
114,2025-04-24,Option,Sell,185,107.7,19924.5,PF001
115,2025-04-25,Stock,Sell,60,69.2,4152.0,PF002
116,2025-04-26,Bond,Buy,137,108.9,14919.300000000001,PF004
117,2025-04-27,Stock,Buy,90,86.8,7812.0,PF001
118,2025-04-28,Option,Buy,194,84.4,16373.6,PF005
119,2025-04-29,Option,Buy,125,51.6,6450.0,PF002
120,2025-04-30,Bond,Buy,170,101.7,17289.0,PF001
121,2025-05-01,Stock,Buy,95,69.9,6640.500000000001,PF002
122,2025-05-02,Option,Sell,129,51.4,6630.599999999999,PF002
123,2025-05-03,Bond,Sell,103,40.9,4212.7,PF003
124,2025-05-04,Option,Sell,135,79.2,10692.0,PF002
125,2025-05-05,Option,Sell,141,76.9,10842.900000000001,PF003
126,2025-05-06,Stock,Buy,197,90.4,17808.800000000003,PF004
127,2025-05-07,Option,Buy,146,102.3,14935.8,PF003
128,2025-05-08,Stock,Sell,51,45.6,2325.6,PF005
129,2025-05-09,Option,Buy,82,91.2,7478.400000000001,PF001
130,2025-05-10,Bond,Sell,126,53.1,6690.6,PF004
131,2025-05-11,Option,Sell,165,100.1,16516.5,PF004
132,2025-05-12,Stock,Sell,199,97.3,19362.7,PF005
133,2025-05-13,Stock,Buy,152,77.9,11840.800000000001,PF003
134,2025-05-14,Bond,Sell,152,89.7,13634.4,PF001
135,2025-05-15,Option,Sell,139,62.0,8618.0,PF003
136,2025-05-16,Option,Sell,171,73.0,12483.0,PF002
137,2025-05-17,Bond,Buy,192,97.5,18720.0,PF003
138,2025-05-18,Option,Buy,155,72.1,11175.5,PF004
139,2025-05-19,Option,Sell,168,65.0,10920.0,PF001
140,2025-05-20,Stock,Buy,98,74.6,7310.799999999999,PF003
141,2025-05-21,Option,Buy,153,98.0,14994.0,PF001
142,2025-05-22,Option,Buy,110,63.5,6985.0,PF001
143,2025-05-23,Bond,Buy,172,52.2,8978.4,PF002
144,2025-05-24,Bond,Buy,183,89.8,16433.399999999998,PF002
145,2025-05-25,Stock,Buy,58,97.8,5672.4,PF004
146,2025-05-26,Option,Buy,55,47.0,2585.0,PF005
147,2025-05-27,Option,Buy,122,56.8,6929.599999999999,PF001
148,2025-05-28,Option,Buy,152,49.9,7584.8,PF005
149,2025-05-29,Stock,Buy,90,64.4,5796.000000000001,PF004
150,2025-05-30,Stock,Sell,163,71.5,11654.5,PF001
151,2025-05-31,Bond,Sell,57,92.4,5266.8,PF001
152,2025-06-01,Stock,Buy,121,85.6,10357.599999999999,PF005
153,2025-06-02,Option,Sell,141,83.5,11773.5,PF003
154,2025-06-03,Option,Sell,111,64.7,7181.700000000001,PF002
155,2025-06-04,Stock,Buy,133,98.9,13153.7,PF003
156,2025-06-05,Option,Buy,111,73.0,8103.0,PF005
157,2025-06-06,Option,Buy,160,108.5,17360.0,PF002
158,2025-06-07,Stock,Sell,176,84.4,14854.400000000001,PF003
159,2025-06-08,Stock,Sell,56,48.8,2732.7999999999997,PF002
160,2025-06-09,Option,Buy,133,87.3,11610.9,PF001
161,2025-06-10,Option,Buy,181,62.8,11366.8,PF003
162,2025-06-11,Option,Buy,183,88.0,16104.0,PF002
163,2025-06-12,Bond,Sell,107,44.9,4804.3,PF002
164,2025-06-13,Bond,Sell,71,52.2,3706.2000000000003,PF002
165,2025-06-14,Bond,Sell,176,99.9,17582.4,PF003
166,2025-06-15,Stock,Sell,52,55.9,2906.7999999999997,PF004
167,2025-06-16,Bond,Buy,176,98.6,17353.6,PF003
168,2025-06-17,Stock,Buy,90,59.5,5355.0,PF005
169,2025-06-18,Stock,Buy,155,85.0,13175.0,PF003
170,2025-06-19,Bond,Buy,63,88.6,5581.799999999999,PF002
171,2025-06-20,Bond,Sell,61,75.9,4629.900000000001,PF001
172,2025-06-21,Bond,Sell,136,61.4,8350.4,PF003
173,2025-06-22,Option,Buy,61,54.9,3348.9,PF003
174,2025-06-23,Bond,Buy,190,42.3,8036.999999999999,PF002
175,2025-06-24,Option,Sell,74,61.3,4536.2,PF001
176,2025-06-25,Stock,Buy,94,85.7,8055.8,PF001
177,2025-06-26,Option,Sell,171,105.7,18074.7,PF005
178,2025-06-27,Bond,Buy,196,101.0,19796.0,PF003
179,2025-06-28,Stock,Buy,104,93.6,9734.4,PF001
180,2025-06-29,Stock,Buy,149,95.2,14184.800000000001,PF001
181,2025-06-30,Stock,Buy,185,86.5,16002.5,PF004
182,2025-07-01,Option,Buy,168,58.2,9777.6,PF004
183,2025-07-02,Bond,Buy,102,103.5,10557.0,PF001
184,2025-07-03,Stock,Buy,81,87.0,7047.0,PF005
185,2025-07-04,Stock,Sell,100,79.2,7920.0,PF001
186,2025-07-05,Stock,Sell,93,47.8,4445.4,PF002
187,2025-07-06,Option,Sell,131,71.3,9340.3,PF003
188,2025-07-07,Option,Sell,195,72.2,14079.0,PF005
189,2025-07-08,Bond,Sell,199,100.5,19999.5,PF002
190,2025-07-09,Option,Buy,86,78.3,6733.8,PF005
191,2025-07-10,Stock,Buy,145,66.6,9657.0,PF002
192,2025-07-11,Bond,Sell,105,108.4,11382.0,PF003
193,2025-07-12,Stock,Buy,154,47.8,7361.2,PF003
194,2025-07-13,Stock,Sell,108,69.6,7516.799999999999,PF004
195,2025-07-14,Option,Sell,180,42.9,7722.0,PF002
196,2025-07-15,Bond,Buy,84,91.8,7711.2,PF004
197,2025-07-16,Option,Buy,142,104.3,14810.6,PF002
198,2025-07-17,Option,Buy,146,59.6,8701.6,PF004
199,2025-07-18,Bond,Sell,184,100.1,18418.399999999998,PF003
200,2025-07-19,Stock,Buy,125,60.5,7562.5,PF005
201,2025-07-20,Stock,Sell,98,103.8,10172.4,PF004
202,2025-07-21,Bond,Sell,143,92.8,13270.4,PF002
203,2025-07-22,Stock,Sell,73,96.3,7029.9,PF002
204,2025-07-23,Bond,Buy,197,41.3,8136.099999999999,PF003
205,2025-07-24,Bond,Buy,86,107.4,9236.4,PF002
206,2025-07-25,Option,Sell,53,90.9,4817.700000000001,PF001
207,2025-07-26,Bond,Buy,157,61.3,9624.1,PF005
208,2025-07-27,Option,Buy,175,98.1,17167.5,PF004
209,2025-07-28,Stock,Buy,69,59.7,4119.3,PF005
210,2025-07-29,Stock,Sell,99,101.1,10008.9,PF003
211,2025-07-30,Stock,Sell,145,47.9,6945.5,PF004
212,2025-07-31,Stock,Buy,154,89.3,13752.199999999999,PF004
213,2025-08-01,Option,Sell,166,77.8,12914.8,PF001
214,2025-08-02,Stock,Buy,147,46.8,6879.599999999999,PF003
215,2025-08-03,Bond,Buy,115,56.9,6543.5,PF002
216,2025-08-04,Bond,Buy,128,40.9,5235.2,PF001
217,2025-08-05,Bond,Buy,55,72.8,4004.0,PF001
218,2025-08-06,Option,Sell,88,61.1,5376.8,PF005
219,2025-08-07,Stock,Sell,164,81.9,13431.6,PF005
220,2025-08-08,Stock,Sell,174,60.8,10579.199999999999,PF005
221,2025-08-09,Stock,Buy,61,61.0,3721.0,PF001
222,2025-08-10,Option,Buy,180,92.0,16560.0,PF002
223,2025-08-11,Bond,Buy,67,43.4,2907.7999999999997,PF004
224,2025-08-12,Bond,Sell,89,103.2,9184.800000000001,PF005
225,2025-08-13,Stock,Buy,70,99.7,6979.0,PF002
226,2025-08-14,Bond,Sell,192,86.7,16646.4,PF003
227,2025-08-15,Bond,Sell,148,81.5,12062.0,PF005
228,2025-08-16,Option,Sell,75,102.5,7687.5,PF004
229,2025-08-17,Option,Sell,57,53.0,3021.0,PF003
230,2025-08-18,Option,Sell,149,45.5,6779.5,PF003
231,2025-08-19,Option,Sell,136,56.8,7724.799999999999,PF004
232,2025-08-20,Stock,Buy,91,95.6,8699.6,PF005
233,2025-08-21,Option,Buy,63,42.4,2671.2,PF001
234,2025-08-22,Bond,Sell,127,80.8,10261.6,PF004
235,2025-08-23,Stock,Sell,51,109.7,5594.7,PF004
236,2025-08-24,Bond,Buy,168,99.9,16783.2,PF004
237,2025-08-25,Bond,Sell,86,76.5,6579.0,PF003
238,2025-08-26,Bond,Sell,118,44.5,5251.0,PF002
239,2025-08-27,Option,Buy,90,98.2,8838.0,PF001
240,2025-08-28,Option,Sell,111,81.9,9090.900000000001,PF005
241,2025-08-29,Stock,Sell,109,48.0,5232.0,PF005
242,2025-08-30,Stock,Sell,174,46.6,8108.400000000001,PF002
243,2025-08-31,Option,Buy,160,103.7,16592.0,PF004
244,2025-09-01,Bond,Buy,63,86.8,5468.4,PF001
245,2025-09-02,Stock,Buy,133,98.1,13047.3,PF005
246,2025-09-03,Option,Sell,179,101.5,18168.5,PF005
247,2025-09-04,Option,Sell,119,80.0,9520.0,PF004
248,2025-09-05,Option,Buy,194,76.2,14782.800000000001,PF002
249,2025-09-06,Bond,Sell,172,70.1,12057.199999999999,PF001
250,2025-09-07,Option,Sell,138,62.2,8583.6,PF002
251,2025-09-08,Option,Sell,77,70.4,5420.8,PF002
252,2025-09-09,Option,Sell,115,94.2,10833.0,PF001
253,2025-09-10,Option,Sell,54,82.1,4433.4,PF001
254,2025-09-11,Stock,Buy,94,102.5,9635.0,PF005
255,2025-09-12,Stock,Sell,200,71.0,14200.0,PF005
256,2025-09-13,Option,Buy,96,82.5,7920.0,PF001
257,2025-09-14,Bond,Sell,80,84.2,6736.0,PF003
258,2025-09-15,Stock,Buy,188,81.4,15303.2,PF005
259,2025-09-16,Option,Sell,59,89.2,5262.8,PF003
260,2025-09-17,Stock,Buy,167,56.6,9452.2,PF001
261,2025-09-18,Stock,Sell,63,75.9,4781.700000000001,PF005
262,2025-09-19,Bond,Buy,129,47.3,6101.7,PF002
263,2025-09-20,Option,Sell,142,66.9,9499.800000000001,PF001
264,2025-09-21,Option,Buy,59,74.1,4371.9,PF004
265,2025-09-22,Bond,Sell,125,85.7,10712.5,PF003
266,2025-09-23,Bond,Buy,143,106.5,15229.5,PF001
267,2025-09-24,Option,Buy,154,82.0,12628.0,PF001
268,2025-09-25,Option,Sell,50,92.1,4605.0,PF005
269,2025-09-26,Bond,Sell,182,75.4,13722.800000000001,PF005
270,2025-09-27,Stock,Buy,69,84.4,5823.6,PF005
271,2025-09-28,Stock,Sell,57,45.0,2565.0,PF004
272,2025-09-29,Bond,Buy,50,57.8,2890.0,PF005
273,2025-09-30,Stock,Buy,106,65.3,6921.799999999999,PF001
274,2025-10-01,Bond,Buy,113,73.1,8260.3,PF005
275,2025-10-02,Stock,Sell,167,43.2,7214.400000000001,PF002
276,2025-10-03,Stock,Buy,77,49.8,3834.6,PF005
277,2025-10-04,Option,Buy,170,59.4,10098.0,PF004
278,2025-10-05,Option,Sell,156,108.0,16848.0,PF002
279,2025-10-06,Stock,Sell,98,63.2,6193.6,PF001
280,2025-10-07,Stock,Sell,169,73.7,12455.300000000001,PF001
281,2025-10-08,Option,Sell,93,53.7,4994.1,PF003
282,2025-10-09,Option,Buy,105,82.8,8694.0,PF002
283,2025-10-10,Option,Buy,160,59.6,9536.0,PF003
284,2025-10-11,Bond,Buy,183,54.5,9973.5,PF002
285,2025-10-12,Stock,Buy,157,76.2,11963.4,PF002
286,2025-10-13,Option,Sell,197,40.4,7958.799999999999,PF004
287,2025-10-14,Stock,Buy,163,40.5,6601.5,PF003
288,2025-10-15,Bond,Buy,127,55.3,7023.099999999999,PF004
289,2025-10-16,Bond,Sell,179,42.6,7625.400000000001,PF002
290,2025-10-17,Option,Buy,86,47.6,4093.6,PF001
291,2025-10-18,Bond,Buy,69,63.7,4395.3,PF002
292,2025-10-19,Stock,Buy,75,96.2,7215.0,PF004
293,2025-10-20,Option,Buy,78,80.0,6240.0,PF003
294,2025-10-21,Stock,Buy,50,75.9,3795.0000000000005,PF003
295,2025-10-22,Stock,Buy,168,60.5,10164.0,PF004
296,2025-10-23,Bond,Sell,84,105.2,8836.800000000001,PF003
297,2025-10-24,Bond,Sell,108,67.8,7322.4,PF005
298,2025-10-25,Bond,Buy,118,46.1,5439.8,PF001
299,2025-10-26,Bond,Buy,61,83.2,5075.2,PF001
300,2025-10-27,Bond,Sell,69,48.0,3312.0,PF001
301,2025-10-28,Option,Buy,92,64.2,5906.400000000001,PF003
302,2025-10-29,Stock,Buy,175,75.5,13212.5,PF003
303,2025-10-30,Stock,Buy,99,101.2,10018.800000000001,PF002
304,2025-10-31,Stock,Sell,78,74.5,5811.0,PF002
305,2025-11-01,Stock,Buy,88,89.2,7849.6,PF001
306,2025-11-02,Bond,Sell,200,109.5,21900.0,PF005
307,2025-11-03,Stock,Buy,87,49.2,4280.400000000001,PF002
308,2025-11-04,Option,Sell,133,59.2,7873.6,PF002
309,2025-11-05,Option,Sell,200,67.6,13519.999999999998,PF003
310,2025-11-06,Stock,Buy,177,69.5,12301.5,PF005
311,2025-11-07,Stock,Sell,175,68.8,12040.0,PF001
312,2025-11-08,Option,Buy,94,103.5,9729.0,PF002
313,2025-11-09,Option,Sell,101,90.0,9090.0,PF005
314,2025-11-10,Bond,Buy,129,82.6,10655.4,PF005
315,2025-11-11,Option,Buy,173,61.7,10674.1,PF001
316,2025-11-12,Bond,Sell,168,97.7,16413.600000000002,PF005
317,2025-11-13,Bond,Buy,57,106.9,6093.3,PF005
318,2025-11-14,Bond,Buy,134,97.5,13065.0,PF005
319,2025-11-15,Bond,Sell,178,40.1,7137.8,PF002
320,2025-11-16,Bond,Buy,57,84.5,4816.5,PF001
321,2025-11-17,Stock,Buy,145,43.6,6322.0,PF005
322,2025-11-18,Option,Sell,151,58.0,8758.0,PF005
323,2025-11-19,Bond,Sell,54,44.2,2386.8,PF002
324,2025-11-20,Option,Buy,135,82.3,11110.5,PF001
325,2025-11-21,Option,Buy,83,88.1,7312.299999999999,PF003
326,2025-11-22,Bond,Sell,104,48.0,4992.0,PF002
327,2025-11-23,Stock,Sell,168,66.9,11239.2,PF001
328,2025-11-24,Bond,Buy,163,71.9,11719.7,PF005
329,2025-11-25,Stock,Sell,194,65.8,12765.199999999999,PF001
330,2025-11-26,Option,Buy,75,48.5,3637.5,PF001
331,2025-11-27,Stock,Buy,185,69.3,12820.5,PF001
332,2025-11-28,Stock,Buy,96,92.6,8889.599999999999,PF003
333,2025-11-29,Stock,Buy,162,45.0,7290.0,PF001
334,2025-11-30,Option,Buy,125,45.6,5700.0,PF003
335,2025-12-01,Option,Sell,121,64.8,7840.799999999999,PF005
336,2025-12-02,Stock,Sell,138,105.9,14614.2,PF003
337,2025-12-03,Stock,Sell,95,86.8,8246.0,PF005
338,2025-12-04,Bond,Sell,82,87.5,7175.0,PF005
339,2025-12-05,Stock,Buy,50,65.3,3265.0,PF003
340,2025-12-06,Bond,Buy,196,81.6,15993.599999999999,PF002
341,2025-12-07,Stock,Buy,80,40.7,3256.0,PF004
342,2025-12-08,Bond,Buy,191,84.5,16139.5,PF001
343,2025-12-09,Option,Sell,102,103.9,10597.800000000001,PF004
344,2025-12-10,Stock,Buy,97,82.9,8041.3,PF001
345,2025-12-11,Stock,Buy,118,101.2,11941.6,PF001
346,2025-12-12,Stock,Sell,154,90.7,13967.800000000001,PF005
347,2025-12-13,Stock,Sell,139,48.4,6727.599999999999,PF001
348,2025-12-14,Bond,Sell,112,103.2,11558.4,PF001
349,2025-12-15,Stock,Sell,122,44.7,5453.400000000001,PF003
350,2025-12-16,Option,Buy,138,77.4,10681.2,PF004
351,2025-12-17,Option,Buy,62,49.9,3093.7999999999997,PF003
352,2025-12-18,Stock,Sell,122,40.8,4977.599999999999,PF001
353,2025-12-19,Option,Buy,126,69.5,8757.0,PF005
354,2025-12-20,Stock,Buy,117,60.7,7101.900000000001,PF003
355,2025-12-21,Stock,Buy,147,74.0,10878.0,PF003
356,2025-12-22,Option,Sell,174,80.4,13989.6,PF002
357,2025-12-23,Stock,Buy,151,43.1,6508.1,PF001
358,2025-12-24,Option,Sell,181,48.6,8796.6,PF005
359,2025-12-25,Bond,Buy,151,79.1,11944.099999999999,PF003
360,2025-12-26,Stock,Buy,68,64.0,4352.0,PF003
361,2025-12-27,Bond,Buy,131,91.0,11921.0,PF005
362,2025-12-28,Option,Sell,190,85.7,16283.0,PF001
363,2025-12-29,Bond,Buy,72,99.2,7142.400000000001,PF002
364,2025-12-30,Bond,Sell,132,88.5,11682.0,PF003
365,2025-12-31,Option,Sell,158,70.1,11075.8,PF002
366,2026-01-01,Bond,Sell,124,87.1,10800.4,PF004
367,2026-01-02,Bond,Buy,178,59.3,10555.4,PF001
368,2026-01-03,Option,Buy,137,61.4,8411.8,PF004
369,2026-01-04,Bond,Buy,103,95.2,9805.6,PF004
370,2026-01-05,Option,Buy,138,71.2,9825.6,PF004
371,2026-01-06,Bond,Sell,192,95.9,18412.800000000003,PF001
372,2026-01-07,Option,Sell,114,97.6,11126.4,PF001
373,2026-01-08,Option,Sell,125,100.0,12500.0,PF005
374,2026-01-09,Bond,Buy,192,104.2,20006.4,PF002
375,2026-01-10,Bond,Sell,198,70.2,13899.6,PF002
376,2026-01-11,Bond,Buy,196,62.3,12210.8,PF005
377,2026-01-12,Stock,Sell,109,80.8,8807.199999999999,PF005
378,2026-01-13,Stock,Buy,142,66.0,9372.0,PF004
379,2026-01-14,Stock,Buy,98,82.1,8045.799999999999,PF005
380,2026-01-15,Option,Sell,84,89.4,7509.6,PF003
381,2026-01-16,Bond,Sell,151,88.2,13318.2,PF002
382,2026-01-17,Option,Sell,60,66.2,3972.0,PF005
383,2026-01-18,Stock,Sell,148,51.7,7651.6,PF003
384,2026-01-19,Bond,Buy,159,70.1,11145.9,PF003
385,2026-01-20,Option,Sell,123,50.0,6150.0,PF003
386,2026-01-21,Bond,Sell,58,102.3,5933.4,PF003
387,2026-01-22,Option,Sell,52,64.2,3338.4,PF004
388,2026-01-23,Bond,Buy,134,50.8,6807.2,PF003
389,2026-01-24,Stock,Buy,75,41.8,3135.0,PF004
390,2026-01-25,Stock,Sell,121,85.2,10309.2,PF004
391,2026-01-26,Bond,Buy,97,84.6,8206.199999999999,PF003
392,2026-01-27,Option,Sell,166,63.8,10590.8,PF002
393,2026-01-28,Stock,Buy,61,45.0,2745.0,PF003
394,2026-01-29,Stock,Buy,182,68.7,12503.4,PF003
395,2026-01-30,Stock,Buy,97,61.8,5994.599999999999,PF003
396,2026-01-31,Bond,Buy,86,87.4,7516.400000000001,PF002
397,2026-02-01,Bond,Sell,93,82.4,7663.200000000001,PF001
398,2026-02-02,Option,Sell,64,65.5,4192.0,PF001
399,2026-02-03,Option,Sell,92,55.3,5087.599999999999,PF004
400,2026-02-04,Option,Buy,136,109.2,14851.2,PF004
401,2026-02-05,Bond,Sell,119,71.8,8544.199999999999,PF002
402,2026-02-06,Bond,Sell,95,88.2,8379.0,PF005
403,2026-02-07,Option,Sell,157,49.8,7818.599999999999,PF001
404,2026-02-08,Option,Buy,172,74.0,12728.0,PF004
405,2026-02-09,Bond,Buy,70,41.9,2933.0,PF001
406,2026-02-10,Option,Buy,200,75.4,15080.000000000002,PF002
407,2026-02-11,Stock,Sell,156,107.5,16770.0,PF002
408,2026-02-12,Bond,Sell,129,66.9,8630.1,PF005
409,2026-02-13,Option,Sell,96,42.7,4099.200000000001,PF005
410,2026-02-14,Bond,Buy,166,42.2,7005.200000000001,PF002
411,2026-02-15,Stock,Buy,173,67.2,11625.6,PF004
412,2026-02-16,Bond,Sell,192,51.2,9830.400000000001,PF001
413,2026-02-17,Bond,Buy,74,41.6,3078.4,PF003
414,2026-02-18,Bond,Buy,85,92.9,7896.500000000001,PF005
415,2026-02-19,Bond,Buy,100,72.1,7209.999999999999,PF003
416,2026-02-20,Stock,Buy,64,60.2,3852.8,PF004
417,2026-02-21,Bond,Sell,117,103.0,12051.0,PF005
418,2026-02-22,Bond,Buy,70,48.1,3367.0,PF003
419,2026-02-23,Option,Buy,190,106.9,20311.0,PF004
420,2026-02-24,Bond,Buy,68,62.0,4216.0,PF001
421,2026-02-25,Option,Buy,83,102.2,8482.6,PF004
422,2026-02-26,Stock,Sell,127,82.2,10439.4,PF005
423,2026-02-27,Stock,Sell,174,97.9,17034.600000000002,PF002
424,2026-02-28,Stock,Buy,166,108.9,18077.4,PF001
425,2026-03-01,Stock,Buy,101,60.2,6080.200000000001,PF003
426,2026-03-02,Option,Buy,76,107.3,8154.8,PF005
427,2026-03-03,Bond,Buy,84,67.3,5653.2,PF002
428,2026-03-04,Stock,Buy,185,67.0,12395.0,PF004
429,2026-03-05,Bond,Buy,193,63.8,12313.4,PF002
430,2026-03-06,Option,Sell,155,77.9,12074.5,PF005
431,2026-03-07,Option,Buy,195,50.8,9906.0,PF005
432,2026-03-08,Option,Sell,51,78.8,4018.7999999999997,PF002
433,2026-03-09,Stock,Sell,126,77.9,9815.400000000001,PF004
434,2026-03-10,Bond,Buy,181,93.3,16887.3,PF002
435,2026-03-11,Bond,Sell,139,98.4,13677.6,PF005
436,2026-03-12,Bond,Sell,138,70.8,9770.4,PF005
437,2026-03-13,Option,Sell,143,61.2,8751.6,PF003
438,2026-03-14,Stock,Sell,56,58.2,3259.2000000000003,PF003
439,2026-03-15,Option,Sell,144,53.6,7718.400000000001,PF001
440,2026-03-16,Option,Sell,157,44.0,6908.0,PF005
441,2026-03-17,Bond,Buy,123,64.0,7872.0,PF003
442,2026-03-18,Option,Sell,88,58.9,5183.2,PF002
443,2026-03-19,Bond,Sell,190,107.6,20444.0,PF004
444,2026-03-20,Stock,Sell,120,79.0,9480.0,PF002
445,2026-03-21,Bond,Buy,105,64.3,6751.5,PF004
446,2026-03-22,Stock,Sell,91,80.6,7334.599999999999,PF003
447,2026-03-23,Bond,Buy,85,49.7,4224.5,PF001
448,2026-03-24,Option,Sell,133,71.1,9456.3,PF002
449,2026-03-25,Option,Buy,167,83.8,13994.6,PF002
450,2026-03-26,Stock,Buy,56,74.2,4155.2,PF002
451,2026-03-27,Stock,Sell,103,68.1,7014.299999999999,PF004
452,2026-03-28,Stock,Sell,178,109.6,19508.8,PF003
453,2026-03-29,Bond,Buy,169,101.6,17170.399999999998,PF002
454,2026-03-30,Bond,Sell,155,83.6,12958.0,PF002
455,2026-03-31,Stock,Buy,96,79.9,7670.400000000001,PF001
456,2026-04-01,Option,Buy,172,83.4,14344.800000000001,PF001
457,2026-04-02,Bond,Buy,190,54.1,10279.0,PF003
458,2026-04-03,Bond,Buy,168,67.7,11373.6,PF003
459,2026-04-04,Bond,Buy,199,42.8,8517.199999999999,PF005
460,2026-04-05,Stock,Sell,167,73.3,12241.1,PF001
461,2026-04-06,Stock,Buy,70,78.0,5460.0,PF005
462,2026-04-07,Stock,Buy,186,55.9,10397.4,PF004
463,2026-04-08,Stock,Sell,75,107.5,8062.5,PF005
464,2026-04-09,Stock,Buy,58,103.7,6014.6,PF002
465,2026-04-10,Option,Sell,64,90.6,5798.4,PF005
466,2026-04-11,Option,Sell,59,77.3,4560.7,PF003
467,2026-04-12,Stock,Sell,171,100.9,17253.9,PF004
468,2026-04-13,Bond,Buy,170,49.1,8347.0,PF002
469,2026-04-14,Stock,Buy,174,95.3,16582.2,PF005
470,2026-04-15,Option,Buy,121,48.7,5892.700000000001,PF004
471,2026-04-16,Option,Sell,98,95.6,9368.8,PF004
472,2026-04-17,Bond,Buy,140,59.3,8302.0,PF002
473,2026-04-18,Option,Sell,86,101.4,8720.4,PF005
474,2026-04-19,Stock,Buy,117,106.1,12413.699999999999,PF004
475,2026-04-20,Bond,Sell,99,50.4,4989.599999999999,PF004
476,2026-04-21,Stock,Buy,68,72.4,4923.200000000001,PF001
477,2026-04-22,Stock,Buy,149,108.7,16196.300000000001,PF004
478,2026-04-23,Bond,Buy,109,73.8,8044.2,PF001
479,2026-04-24,Stock,Sell,138,100.4,13855.2,PF005
480,2026-04-25,Option,Sell,195,81.2,15834.0,PF005
481,2026-04-26,Stock,Buy,196,66.3,12994.8,PF005
482,2026-04-27,Bond,Buy,118,60.0,7080.0,PF003
483,2026-04-28,Bond,Sell,98,54.2,5311.6,PF005
484,2026-04-29,Bond,Sell,157,93.3,14648.1,PF004
485,2026-04-30,Stock,Sell,168,67.1,11272.8,PF002
486,2026-05-01,Bond,Buy,198,75.8,15008.4,PF001
487,2026-05-02,Bond,Sell,199,74.5,14825.5,PF003
488,2026-05-03,Stock,Buy,86,80.4,6914.400000000001,PF005
489,2026-05-04,Option,Sell,192,100.6,19315.199999999997,PF005
490,2026-05-05,Stock,Buy,60,108.7,6522.0,PF002
491,2026-05-06,Bond,Sell,187,68.5,12809.5,PF002
492,2026-05-07,Bond,Sell,127,97.9,12433.300000000001,PF003
493,2026-05-08,Stock,Sell,126,93.5,11781.0,PF001
494,2026-05-09,Option,Sell,51,80.1,4085.1,PF005
495,2026-05-10,Bond,Sell,113,106.9,12079.7,PF003
496,2026-05-11,Bond,Buy,84,54.0,4536.0,PF004
497,2026-05-12,Bond,Sell,56,47.6,2665.6,PF004
498,2026-05-13,Stock,Sell,134,99.8,13373.199999999999,PF003
499,2026-05-14,Bond,Sell,195,70.7,13786.5,PF005
500,2026-05-15,Option,Buy,116,99.3,11518.8,PF003
501,2026-05-16,Bond,Sell,91,102.5,9327.5,PF005
502,2026-05-17,Bond,Buy,167,44.4,7414.8,PF002
503,2026-05-18,Option,Sell,174,101.8,17713.2,PF003
504,2026-05-19,Bond,Sell,73,71.4,5212.200000000001,PF005
505,2026-05-20,Stock,Buy,95,75.7,7191.5,PF003
506,2026-05-21,Stock,Sell,68,83.9,5705.200000000001,PF003
507,2026-05-22,Stock,Buy,117,104.8,12261.6,PF005
508,2026-05-23,Option,Buy,151,41.3,6236.299999999999,PF005
509,2026-05-24,Bond,Sell,91,73.4,6679.400000000001,PF001
510,2026-05-25,Stock,Buy,81,88.1,7136.099999999999,PF003
511,2026-05-26,Option,Sell,158,90.6,14314.8,PF004
512,2026-05-27,Bond,Sell,85,88.5,7522.5,PF003
513,2026-05-28,Option,Buy,146,49.4,7212.4,PF003
514,2026-05-29,Stock,Buy,180,61.0,10980.0,PF005
515,2026-05-30,Stock,Buy,122,65.1,7942.199999999999,PF003
516,2026-05-31,Stock,Buy,185,96.3,17815.5,PF003
517,2026-06-01,Option,Sell,146,59.5,8687.0,PF004
518,2026-06-02,Option,Sell,172,54.7,9408.4,PF005
519,2026-06-03,Stock,Buy,119,107.0,12733.0,PF003
520,2026-06-04,Option,Sell,62,40.6,2517.2000000000003,PF002
521,2026-06-05,Stock,Sell,98,109.8,10760.4,PF001
522,2026-06-06,Stock,Sell,109,87.4,9526.6,PF004
523,2026-06-07,Bond,Sell,179,98.0,17542.0,PF003
524,2026-06-08,Option,Buy,54,60.6,3272.4,PF002
525,2026-06-09,Stock,Buy,76,41.0,3116.0,PF003
526,2026-06-10,Stock,Sell,198,91.7,18156.600000000002,PF003
527,2026-06-11,Option,Buy,57,98.4,5608.8,PF005
528,2026-06-12,Bond,Buy,99,91.8,9088.199999999999,PF005
529,2026-06-13,Bond,Buy,116,50.0,5800.0,PF005
530,2026-06-14,Stock,Sell,93,92.7,8621.1,PF002
531,2026-06-15,Option,Sell,174,93.8,16321.199999999999,PF003
532,2026-06-16,Bond,Sell,107,86.1,9212.699999999999,PF001
533,2026-06-17,Option,Buy,52,93.6,4867.2,PF004
534,2026-06-18,Option,Sell,135,99.2,13392.0,PF005
535,2026-06-19,Stock,Sell,119,83.0,9877.0,PF005
536,2026-06-20,Bond,Buy,179,46.2,8269.800000000001,PF003
537,2026-06-21,Stock,Sell,51,74.1,3779.1,PF003
538,2026-06-22,Bond,Sell,151,45.4,6855.4,PF002
539,2026-06-23,Bond,Buy,84,68.5,5754.0,PF002
540,2026-06-24,Bond,Buy,147,68.5,10069.5,PF005
541,2026-06-25,Bond,Buy,79,44.6,3523.4,PF003
542,2026-06-26,Bond,Sell,165,64.4,10626.000000000002,PF001
543,2026-06-27,Option,Sell,57,47.8,2724.6,PF004
544,2026-06-28,Stock,Sell,199,96.6,19223.399999999998,PF003
545,2026-06-29,Option,Buy,93,106.3,9885.9,PF003
546,2026-06-30,Bond,Buy,85,45.1,3833.5,PF002
547,2026-07-01,Stock,Sell,126,106.9,13469.400000000001,PF004
548,2026-07-02,Bond,Sell,80,76.6,6128.0,PF005
549,2026-07-03,Stock,Buy,96,61.0,5856.0,PF003
550,2026-07-04,Option,Buy,104,45.4,4721.599999999999,PF005
551,2026-07-05,Stock,Buy,155,75.0,11625.0,PF003
552,2026-07-06,Stock,Buy,170,95.6,16251.999999999998,PF005
553,2026-07-07,Stock,Sell,104,89.5,9308.0,PF004
554,2026-07-08,Stock,Buy,193,43.5,8395.5,PF002
555,2026-07-09,Stock,Sell,61,45.1,2751.1,PF004
556,2026-07-10,Bond,Sell,194,68.2,13230.800000000001,PF001
557,2026-07-11,Stock,Sell,193,60.7,11715.1,PF002
558,2026-07-12,Stock,Buy,189,56.3,10640.699999999999,PF004
559,2026-07-13,Option,Buy,185,59.7,11044.5,PF001
560,2026-07-14,Stock,Buy,52,96.2,5002.400000000001,PF003
561,2026-07-15,Option,Buy,193,105.0,20265.0,PF003
562,2026-07-16,Bond,Sell,79,68.4,5403.6,PF005
563,2026-07-17,Stock,Buy,72,103.4,7444.8,PF002
564,2026-07-18,Option,Buy,141,62.5,8812.5,PF003
565,2026-07-19,Option,Sell,164,73.4,12037.6,PF002
566,2026-07-20,Bond,Buy,153,55.8,8537.4,PF003
567,2026-07-21,Stock,Sell,167,84.8,14161.6,PF005
568,2026-07-22,Stock,Sell,54,108.5,5859.0,PF004
569,2026-07-23,Option,Sell,153,82.2,12576.6,PF005
570,2026-07-24,Stock,Sell,157,65.0,10205.0,PF001
571,2026-07-25,Option,Sell,114,85.3,9724.199999999999,PF003
572,2026-07-26,Stock,Sell,170,48.6,8262.0,PF001
573,2026-07-27,Option,Sell,79,102.2,8073.8,PF001
574,2026-07-28,Stock,Sell,198,75.2,14889.6,PF002
575,2026-07-29,Bond,Buy,133,71.5,9509.5,PF003
576,2026-07-30,Stock,Buy,199,81.0,16119.0,PF001
577,2026-07-31,Stock,Buy,81,83.7,6779.7,PF004
578,2026-08-01,Bond,Buy,65,45.0,2925.0,PF001
579,2026-08-02,Stock,Sell,87,87.8,7638.599999999999,PF004
580,2026-08-03,Bond,Buy,191,56.9,10867.9,PF002
581,2026-08-04,Stock,Sell,85,90.0,7650.0,PF001
582,2026-08-05,Option,Buy,200,97.6,19520.0,PF005
583,2026-08-06,Option,Buy,163,96.3,15696.9,PF002
584,2026-08-07,Stock,Buy,115,78.7,9050.5,PF004
585,2026-08-08,Stock,Sell,154,76.4,11765.6,PF002
586,2026-08-09,Stock,Buy,134,50.0,6700.0,PF001
587,2026-08-10,Option,Sell,51,94.3,4809.3,PF003
588,2026-08-11,Stock,Sell,124,59.0,7316.0,PF003
589,2026-08-12,Option,Buy,116,74.8,8676.8,PF004
590,2026-08-13,Bond,Buy,200,59.9,11980.0,PF004
591,2026-08-14,Option,Buy,104,49.4,5137.599999999999,PF003
592,2026-08-15,Option,Sell,55,84.1,4625.5,PF004
593,2026-08-16,Bond,Buy,199,43.8,8716.199999999999,PF002
594,2026-08-17,Option,Sell,192,92.4,17740.800000000003,PF005
595,2026-08-18,Stock,Sell,135,62.2,8397.0,PF005
596,2026-08-19,Stock,Buy,109,40.0,4360.0,PF002
597,2026-08-20,Option,Buy,150,75.8,11370.0,PF005
598,2026-08-21,Stock,Sell,61,43.3,2641.2999999999997,PF001
599,2026-08-22,Option,Sell,98,59.3,5811.4,PF002
600,2026-08-23,Stock,Sell,91,89.5,8144.5,PF004
601,2026-08-24,Stock,Buy,131,44.4,5816.4,PF002
602,2026-08-25,Option,Sell,84,98.8,8299.199999999999,PF003
603,2026-08-26,Stock,Buy,183,40.3,7374.9,PF004
604,2026-08-27,Option,Sell,116,57.3,6646.799999999999,PF003
605,2026-08-28,Stock,Sell,129,91.9,11855.1,PF004
606,2026-08-29,Stock,Buy,56,62.1,3477.6,PF005
607,2026-08-30,Bond,Sell,63,47.1,2967.3,PF002
608,2026-08-31,Bond,Buy,122,65.2,7954.400000000001,PF001
609,2026-09-01,Option,Buy,192,58.9,11308.8,PF004
610,2026-09-02,Bond,Sell,198,99.0,19602.0,PF004
611,2026-09-03,Option,Buy,115,61.9,7118.5,PF003
612,2026-09-04,Bond,Buy,140,95.2,13328.0,PF005
613,2026-09-05,Stock,Sell,179,102.4,18329.600000000002,PF003
614,2026-09-06,Option,Buy,69,70.4,4857.6,PF003
615,2026-09-07,Option,Buy,59,103.7,6118.3,PF005
616,2026-09-08,Stock,Buy,74,66.4,4913.6,PF001
617,2026-09-09,Option,Sell,74,107.5,7955.0,PF003
618,2026-09-10,Option,Buy,103,46.3,4768.9,PF003
619,2026-09-11,Bond,Sell,82,88.1,7224.2,PF004
620,2026-09-12,Option,Sell,144,74.6,10742.4,PF005
621,2026-09-13,Stock,Buy,63,67.1,4227.299999999999,PF002
622,2026-09-14,Bond,Buy,114,84.3,9610.199999999999,PF001
623,2026-09-15,Bond,Buy,159,89.3,14198.699999999999,PF001
624,2026-09-16,Stock,Sell,129,40.3,5198.7,PF005
625,2026-09-17,Stock,Buy,103,51.7,5325.1,PF004
626,2026-09-18,Bond,Buy,174,89.9,15642.6,PF004
627,2026-09-19,Option,Buy,180,86.6,15587.999999999998,PF005
628,2026-09-20,Bond,Buy,183,107.6,19690.8,PF004
629,2026-09-21,Stock,Buy,74,93.3,6904.2,PF001
630,2026-09-22,Bond,Sell,190,106.6,20254.0,PF001
631,2026-09-23,Stock,Sell,166,89.2,14807.2,PF002
632,2026-09-24,Bond,Buy,185,60.9,11266.5,PF005
633,2026-09-25,Option,Buy,198,47.4,9385.199999999999,PF003
634,2026-09-26,Bond,Buy,74,94.7,7007.8,PF003
635,2026-09-27,Bond,Buy,128,85.1,10892.8,PF002
636,2026-09-28,Stock,Sell,117,43.4,5077.8,PF002
637,2026-09-29,Stock,Buy,61,65.2,3977.2000000000003,PF004
638,2026-09-30,Stock,Sell,81,107.0,8667.0,PF002
639,2026-10-01,Bond,Sell,177,75.0,13275.0,PF002
640,2026-10-02,Option,Buy,145,70.3,10193.5,PF003
641,2026-10-03,Stock,Sell,141,72.0,10152.0,PF004
642,2026-10-04,Stock,Sell,190,54.6,10374.0,PF002
643,2026-10-05,Bond,Sell,80,65.8,5264.0,PF002
644,2026-10-06,Stock,Sell,127,65.9,8369.300000000001,PF004
645,2026-10-07,Option,Buy,69,43.7,3015.3,PF005
646,2026-10-08,Option,Buy,195,93.7,18271.5,PF004
647,2026-10-09,Stock,Sell,109,69.2,7542.8,PF003
648,2026-10-10,Stock,Buy,183,97.6,17860.8,PF005
649,2026-10-11,Bond,Buy,142,99.5,14129.0,PF001
650,2026-10-12,Option,Buy,92,54.8,5041.599999999999,PF004
651,2026-10-13,Option,Buy,179,86.0,15394.0,PF003
652,2026-10-14,Stock,Buy,109,73.1,7967.9,PF005
653,2026-10-15,Bond,Sell,200,101.6,20320.0,PF004
654,2026-10-16,Option,Buy,80,55.1,4408.0,PF002
655,2026-10-17,Option,Buy,54,87.4,4719.6,PF004
656,2026-10-18,Bond,Buy,59,82.5,4867.5,PF001
657,2026-10-19,Bond,Buy,138,60.7,8376.6,PF004
658,2026-10-20,Option,Sell,179,49.6,8878.4,PF005
659,2026-10-21,Option,Sell,175,85.6,14979.999999999998,PF005
660,2026-10-22,Bond,Sell,60,91.7,5502.0,PF004
661,2026-10-23,Option,Sell,105,62.1,6520.5,PF005
662,2026-10-24,Stock,Buy,132,85.1,11233.199999999999,PF002
663,2026-10-25,Stock,Sell,186,67.7,12592.2,PF004
664,2026-10-26,Bond,Buy,148,89.9,13305.2,PF002
665,2026-10-27,Bond,Buy,198,53.9,10672.199999999999,PF002
666,2026-10-28,Bond,Buy,122,102.3,12480.6,PF003
667,2026-10-29,Stock,Buy,164,60.1,9856.4,PF004
668,2026-10-30,Option,Buy,56,65.7,3679.2000000000003,PF005
669,2026-10-31,Stock,Sell,129,44.1,5688.900000000001,PF002
670,2026-11-01,Option,Sell,193,47.8,9225.4,PF003
671,2026-11-02,Stock,Sell,146,76.1,11110.599999999999,PF004
672,2026-11-03,Option,Sell,53,58.7,3111.1000000000004,PF004
673,2026-11-04,Stock,Buy,53,98.5,5220.5,PF001
674,2026-11-05,Bond,Sell,152,41.0,6232.0,PF001
675,2026-11-06,Stock,Buy,89,66.5,5918.5,PF002
676,2026-11-07,Option,Sell,66,63.6,4197.6,PF001
677,2026-11-08,Stock,Buy,150,41.4,6210.0,PF002
678,2026-11-09,Stock,Buy,152,48.7,7402.400000000001,PF005
679,2026-11-10,Stock,Sell,173,69.0,11937.0,PF002
680,2026-11-11,Bond,Buy,101,74.5,7524.5,PF001
681,2026-11-12,Stock,Buy,101,68.3,6898.299999999999,PF005
682,2026-11-13,Bond,Sell,173,77.2,13355.6,PF001
683,2026-11-14,Bond,Buy,112,81.7,9150.4,PF002
684,2026-11-15,Stock,Sell,165,40.7,6715.500000000001,PF003
685,2026-11-16,Stock,Sell,111,72.5,8047.5,PF004
686,2026-11-17,Stock,Sell,56,107.4,6014.400000000001,PF001
687,2026-11-18,Option,Buy,141,76.3,10758.3,PF002
688,2026-11-19,Stock,Buy,63,87.4,5506.200000000001,PF005
689,2026-11-20,Bond,Buy,135,61.8,8343.0,PF001
690,2026-11-21,Stock,Sell,182,94.2,17144.4,PF001
691,2026-11-22,Option,Buy,179,94.1,16843.899999999998,PF004
692,2026-11-23,Stock,Sell,111,76.5,8491.5,PF002
693,2026-11-24,Option,Sell,198,108.3,21443.399999999998,PF003
694,2026-11-25,Option,Buy,128,48.8,6246.4,PF005
695,2026-11-26,Stock,Sell,198,41.2,8157.6,PF002
696,2026-11-27,Bond,Buy,187,93.9,17559.3,PF005
697,2026-11-28,Option,Buy,107,96.5,10325.5,PF001
698,2026-11-29,Stock,Buy,169,48.4,8179.599999999999,PF004
699,2026-11-30,Stock,Buy,182,58.6,10665.2,PF004
700,2026-12-01,Bond,Buy,114,41.2,4696.8,PF003
701,2026-12-02,Option,Sell,62,60.5,3751.0,PF004
702,2026-12-03,Option,Sell,131,94.1,12327.099999999999,PF001
703,2026-12-04,Stock,Sell,188,76.3,14344.4,PF003
704,2026-12-05,Stock,Buy,198,64.4,12751.2,PF002
705,2026-12-06,Bond,Buy,101,66.0,6666.0,PF004
706,2026-12-07,Bond,Buy,166,40.1,6656.6,PF003
707,2026-12-08,Option,Sell,75,61.0,4575.0,PF001
708,2026-12-09,Option,Buy,83,85.3,7079.9,PF005
709,2026-12-10,Stock,Sell,101,108.2,10928.2,PF005
710,2026-12-11,Option,Sell,161,99.3,15987.3,PF001
711,2026-12-12,Bond,Buy,131,41.7,5462.700000000001,PF001
712,2026-12-13,Bond,Buy,91,102.9,9363.9,PF005
713,2026-12-14,Stock,Sell,70,94.8,6636.0,PF003
714,2026-12-15,Bond,Buy,91,94.6,8608.6,PF005
715,2026-12-16,Bond,Sell,190,72.1,13698.999999999998,PF001
716,2026-12-17,Bond,Buy,162,67.9,10999.800000000001,PF004
717,2026-12-18,Bond,Buy,154,61.2,9424.800000000001,PF002
718,2026-12-19,Stock,Sell,66,44.6,2943.6,PF004
719,2026-12-20,Stock,Buy,169,56.0,9464.0,PF004
720,2026-12-21,Option,Sell,186,57.3,10657.8,PF001
721,2026-12-22,Bond,Buy,178,73.9,13154.2,PF005
722,2026-12-23,Option,Sell,179,92.3,16521.7,PF003
723,2026-12-24,Stock,Sell,109,73.2,7978.8,PF004
724,2026-12-25,Stock,Buy,97,44.0,4268.0,PF005
725,2026-12-26,Stock,Sell,78,107.0,8346.0,PF003
726,2026-12-27,Stock,Buy,146,106.0,15476.0,PF004
727,2026-12-28,Stock,Buy,59,95.0,5605.0,PF003
728,2026-12-29,Stock,Buy,107,109.4,11705.800000000001,PF005
729,2026-12-30,Stock,Sell,70,78.1,5467.0,PF002
730,2026-12-31,Bond,Sell,77,107.4,8269.800000000001,PF005
731,2027-01-01,Option,Buy,83,45.3,3759.8999999999996,PF001
732,2027-01-02,Stock,Buy,57,65.6,3739.2,PF003
733,2027-01-03,Bond,Sell,128,55.8,7142.4,PF002
734,2027-01-04,Bond,Buy,194,53.7,10417.800000000001,PF003
735,2027-01-05,Option,Buy,136,49.9,6786.4,PF003
736,2027-01-06,Stock,Sell,137,83.6,11453.199999999999,PF004
737,2027-01-07,Option,Buy,118,94.7,11174.6,PF001
738,2027-01-08,Stock,Sell,136,80.5,10948.0,PF003
739,2027-01-09,Bond,Buy,150,50.3,7545.0,PF005
740,2027-01-10,Bond,Sell,57,96.8,5517.599999999999,PF005
741,2027-01-11,Bond,Buy,126,84.5,10647.0,PF004
742,2027-01-12,Bond,Buy,136,67.2,9139.2,PF001
743,2027-01-13,Option,Sell,92,87.2,8022.400000000001,PF001
744,2027-01-14,Stock,Buy,178,58.2,10359.6,PF005
745,2027-01-15,Stock,Sell,158,64.2,10143.6,PF002
746,2027-01-16,Option,Buy,66,104.2,6877.2,PF004
747,2027-01-17,Stock,Sell,182,60.3,10974.6,PF004
748,2027-01-18,Bond,Sell,197,72.9,14361.300000000001,PF005
749,2027-01-19,Stock,Sell,70,102.3,7161.0,PF005
750,2027-01-20,Bond,Sell,107,89.5,9576.5,PF002
751,2027-01-21,Option,Buy,159,44.4,7059.599999999999,PF002
752,2027-01-22,Stock,Buy,188,50.3,9456.4,PF001
753,2027-01-23,Option,Sell,192,40.5,7776.0,PF004
754,2027-01-24,Stock,Sell,184,84.2,15492.800000000001,PF004
755,2027-01-25,Bond,Sell,77,71.3,5490.099999999999,PF005
756,2027-01-26,Option,Buy,100,49.4,4940.0,PF001
757,2027-01-27,Stock,Buy,54,107.1,5783.4,PF004
758,2027-01-28,Bond,Buy,54,77.1,4163.4,PF001
759,2027-01-29,Option,Buy,143,56.9,8136.7,PF001
760,2027-01-30,Option,Sell,145,75.0,10875.0,PF005
761,2027-01-31,Stock,Sell,57,87.6,4993.2,PF001
762,2027-02-01,Stock,Sell,113,45.3,5118.9,PF002
763,2027-02-02,Stock,Buy,187,59.2,11070.4,PF002
764,2027-02-03,Bond,Buy,87,96.5,8395.5,PF003
765,2027-02-04,Stock,Buy,160,72.2,11552.0,PF005
766,2027-02-05,Option,Sell,161,78.3,12606.3,PF003
767,2027-02-06,Option,Sell,130,70.3,9139.0,PF002
768,2027-02-07,Stock,Buy,185,43.1,7973.5,PF003
769,2027-02-08,Stock,Sell,153,51.6,7894.8,PF005
770,2027-02-09,Option,Buy,122,71.2,8686.4,PF005
771,2027-02-10,Bond,Buy,98,54.6,5350.8,PF001
772,2027-02-11,Stock,Sell,85,43.5,3697.5,PF004
773,2027-02-12,Stock,Buy,175,99.1,17342.5,PF001
774,2027-02-13,Option,Sell,117,108.7,12717.9,PF005
775,2027-02-14,Stock,Buy,127,95.5,12128.5,PF002
776,2027-02-15,Bond,Sell,154,99.8,15369.199999999999,PF002
777,2027-02-16,Option,Sell,171,56.9,9729.9,PF001
778,2027-02-17,Stock,Sell,168,107.2,18009.600000000002,PF005
779,2027-02-18,Option,Buy,163,53.8,8769.4,PF002
780,2027-02-19,Stock,Buy,59,106.6,6289.4,PF005
781,2027-02-20,Stock,Sell,198,109.6,21700.8,PF002
782,2027-02-21,Stock,Sell,189,89.8,16972.2,PF005
783,2027-02-22,Bond,Buy,140,108.7,15218.0,PF003
784,2027-02-23,Bond,Buy,51,79.9,4074.9,PF005
785,2027-02-24,Option,Buy,167,58.2,9719.4,PF005
786,2027-02-25,Stock,Sell,62,70.6,4377.2,PF001
787,2027-02-26,Stock,Buy,144,81.5,11736.0,PF003
788,2027-02-27,Bond,Buy,193,45.1,8704.300000000001,PF004
789,2027-02-28,Stock,Sell,81,83.6,6771.599999999999,PF001
790,2027-03-01,Bond,Buy,81,108.7,8804.7,PF004
791,2027-03-02,Stock,Buy,173,53.3,9220.9,PF002
792,2027-03-03,Option,Buy,60,95.5,5730.0,PF004
793,2027-03-04,Stock,Sell,59,103.6,6112.4,PF005
794,2027-03-05,Stock,Sell,64,106.1,6790.4,PF004
795,2027-03-06,Bond,Sell,66,107.2,7075.2,PF001
796,2027-03-07,Stock,Sell,195,76.5,14917.5,PF001
797,2027-03-08,Stock,Sell,108,108.4,11707.2,PF004
798,2027-03-09,Bond,Sell,127,93.0,11811.0,PF001
799,2027-03-10,Option,Sell,173,51.3,8874.9,PF001
800,2027-03-11,Option,Buy,163,73.4,11964.2,PF004
801,2027-03-12,Bond,Buy,71,90.3,6411.3,PF003
802,2027-03-13,Bond,Sell,81,57.3,4641.3,PF003
803,2027-03-14,Bond,Buy,162,84.8,13737.6,PF002
804,2027-03-15,Bond,Buy,169,86.7,14652.300000000001,PF001
805,2027-03-16,Bond,Sell,198,51.4,10177.199999999999,PF004
806,2027-03-17,Option,Buy,171,79.6,13611.599999999999,PF001
807,2027-03-18,Option,Buy,81,94.0,7614.0,PF005
808,2027-03-19,Bond,Buy,168,74.9,12583.2,PF001
809,2027-03-20,Stock,Buy,88,40.8,3590.3999999999996,PF001
810,2027-03-21,Bond,Buy,61,40.6,2476.6,PF003
811,2027-03-22,Stock,Sell,67,65.0,4355.0,PF004
812,2027-03-23,Bond,Sell,198,104.8,20750.399999999998,PF001
813,2027-03-24,Bond,Sell,190,56.0,10640.0,PF003
814,2027-03-25,Option,Buy,198,84.4,16711.2,PF002
815,2027-03-26,Stock,Sell,175,55.5,9712.5,PF003
816,2027-03-27,Stock,Buy,185,62.5,11562.5,PF003
817,2027-03-28,Option,Buy,95,99.4,9443.0,PF003
818,2027-03-29,Option,Buy,153,91.0,13923.0,PF001
819,2027-03-30,Option,Buy,184,46.7,8592.800000000001,PF001
820,2027-03-31,Option,Sell,200,70.0,14000.0,PF002
821,2027-04-01,Stock,Sell,135,42.0,5670.0,PF005
822,2027-04-02,Stock,Buy,199,73.7,14666.300000000001,PF005
823,2027-04-03,Bond,Sell,138,86.4,11923.2,PF005
824,2027-04-04,Bond,Buy,71,48.3,3429.2999999999997,PF002
825,2027-04-05,Option,Sell,141,60.2,8488.2,PF005
826,2027-04-06,Option,Sell,78,67.8,5288.4,PF005
827,2027-04-07,Option,Buy,62,104.4,6472.8,PF003
828,2027-04-08,Bond,Sell,51,109.5,5584.5,PF001
829,2027-04-09,Bond,Buy,78,43.1,3361.8,PF001
830,2027-04-10,Bond,Sell,76,93.3,7090.8,PF003
831,2027-04-11,Bond,Buy,99,66.0,6534.0,PF003
832,2027-04-12,Bond,Buy,144,67.5,9720.0,PF003
833,2027-04-13,Bond,Sell,200,92.8,18560.0,PF001
834,2027-04-14,Bond,Sell,137,104.3,14289.1,PF005
835,2027-04-15,Option,Buy,93,106.6,9913.8,PF003
836,2027-04-16,Option,Sell,71,80.4,5708.400000000001,PF002
837,2027-04-17,Option,Sell,146,65.0,9490.0,PF003
838,2027-04-18,Option,Buy,52,95.1,4945.2,PF004
839,2027-04-19,Bond,Buy,167,57.6,9619.2,PF003
840,2027-04-20,Stock,Sell,68,79.5,5406.0,PF001
841,2027-04-21,Bond,Buy,72,65.1,4687.2,PF003
842,2027-04-22,Stock,Buy,79,86.0,6794.0,PF004
843,2027-04-23,Option,Buy,88,56.8,4998.4,PF002
844,2027-04-24,Bond,Sell,157,53.4,8383.8,PF005
845,2027-04-25,Option,Sell,160,104.3,16688.0,PF003
846,2027-04-26,Bond,Buy,74,47.1,3485.4,PF004
847,2027-04-27,Option,Sell,177,75.4,13345.800000000001,PF004
848,2027-04-28,Stock,Buy,160,55.5,8880.0,PF002
849,2027-04-29,Stock,Sell,185,42.7,7899.500000000001,PF001
850,2027-04-30,Stock,Buy,155,42.5,6587.5,PF003
851,2027-05-01,Bond,Buy,193,52.3,10093.9,PF004
852,2027-05-02,Stock,Sell,121,100.7,12184.7,PF002
853,2027-05-03,Bond,Buy,178,59.8,10644.4,PF005
854,2027-05-04,Stock,Sell,157,106.5,16720.5,PF004
855,2027-05-05,Stock,Sell,54,80.7,4357.8,PF002
856,2027-05-06,Bond,Buy,52,70.6,3671.2,PF001
857,2027-05-07,Bond,Buy,181,80.6,14588.599999999999,PF001
858,2027-05-08,Stock,Sell,153,76.2,11658.6,PF004
859,2027-05-09,Bond,Buy,113,93.1,10520.3,PF004
860,2027-05-10,Stock,Buy,155,59.8,9269.0,PF003
861,2027-05-11,Bond,Buy,147,64.7,9510.9,PF002
862,2027-05-12,Option,Buy,59,102.6,6053.4,PF004
863,2027-05-13,Option,Buy,198,106.3,21047.399999999998,PF003
864,2027-05-14,Option,Sell,177,102.5,18142.5,PF003
865,2027-05-15,Option,Sell,95,69.4,6593.000000000001,PF004
866,2027-05-16,Option,Buy,115,94.6,10879.0,PF001
867,2027-05-17,Stock,Buy,161,73.3,11801.3,PF002
868,2027-05-18,Option,Buy,62,74.8,4637.599999999999,PF002
869,2027-05-19,Option,Sell,186,54.3,10099.8,PF001
870,2027-05-20,Option,Buy,135,81.4,10989.0,PF004
871,2027-05-21,Option,Sell,139,53.0,7367.0,PF002
872,2027-05-22,Bond,Sell,107,63.2,6762.400000000001,PF004
873,2027-05-23,Stock,Sell,103,99.9,10289.7,PF004
874,2027-05-24,Option,Buy,61,54.5,3324.5,PF003
875,2027-05-25,Option,Sell,63,45.0,2835.0,PF001
876,2027-05-26,Option,Buy,170,44.8,7615.999999999999,PF004
877,2027-05-27,Stock,Sell,170,105.9,18003.0,PF005
878,2027-05-28,Bond,Buy,69,75.5,5209.5,PF001
879,2027-05-29,Stock,Sell,124,68.7,8518.800000000001,PF002
880,2027-05-30,Bond,Buy,193,96.8,18682.399999999998,PF003
881,2027-05-31,Option,Sell,119,98.5,11721.5,PF002
882,2027-06-01,Option,Buy,105,63.3,6646.5,PF002
883,2027-06-02,Stock,Buy,150,88.6,13290.0,PF001
884,2027-06-03,Stock,Buy,181,94.0,17014.0,PF002
885,2027-06-04,Bond,Buy,160,85.8,13728.0,PF004
886,2027-06-05,Bond,Sell,174,50.6,8804.4,PF002
887,2027-06-06,Stock,Sell,181,101.3,18335.3,PF003
888,2027-06-07,Bond,Buy,69,77.7,5361.3,PF003
889,2027-06-08,Stock,Sell,187,59.8,11182.6,PF005
890,2027-06-09,Bond,Buy,73,69.8,5095.4,PF003
891,2027-06-10,Stock,Buy,86,42.6,3663.6,PF002
892,2027-06-11,Stock,Sell,103,49.0,5047.0,PF003
893,2027-06-12,Stock,Buy,152,93.6,14227.199999999999,PF001
894,2027-06-13,Bond,Buy,198,40.0,7920.0,PF003
895,2027-06-14,Bond,Sell,87,69.2,6020.400000000001,PF004
896,2027-06-15,Bond,Buy,53,76.6,4059.7999999999997,PF001
897,2027-06-16,Stock,Buy,106,43.8,4642.799999999999,PF005
898,2027-06-17,Bond,Buy,69,108.1,7458.9,PF004
899,2027-06-18,Bond,Buy,66,55.8,3682.7999999999997,PF002
900,2027-06-19,Stock,Sell,168,61.3,10298.4,PF002
901,2027-06-20,Option,Sell,120,61.3,7356.0,PF002
902,2027-06-21,Stock,Sell,53,56.1,2973.3,PF004
903,2027-06-22,Bond,Buy,63,40.1,2526.3,PF004
904,2027-06-23,Stock,Buy,52,91.1,4737.2,PF004
905,2027-06-24,Option,Sell,129,107.7,13893.300000000001,PF001
906,2027-06-25,Stock,Buy,104,55.7,5792.8,PF001
907,2027-06-26,Bond,Buy,181,86.4,15638.400000000001,PF002
908,2027-06-27,Option,Buy,169,91.9,15531.1,PF003
909,2027-06-28,Bond,Buy,73,99.4,7256.200000000001,PF002
910,2027-06-29,Option,Sell,131,69.6,9117.599999999999,PF005
911,2027-06-30,Option,Sell,196,61.2,11995.2,PF001
912,2027-07-01,Stock,Sell,109,62.8,6845.2,PF004
913,2027-07-02,Stock,Buy,196,89.9,17620.4,PF001
914,2027-07-03,Bond,Sell,98,97.2,9525.6,PF004
915,2027-07-04,Stock,Sell,112,52.7,5902.400000000001,PF005
916,2027-07-05,Stock,Buy,159,66.0,10494.0,PF005
917,2027-07-06,Option,Buy,199,103.1,20516.899999999998,PF001
918,2027-07-07,Stock,Sell,158,96.5,15247.0,PF004
919,2027-07-08,Option,Sell,125,108.9,13612.5,PF005
920,2027-07-09,Option,Sell,79,92.8,7331.2,PF002
921,2027-07-10,Option,Sell,107,67.5,7222.5,PF002
922,2027-07-11,Bond,Buy,166,81.3,13495.8,PF004
923,2027-07-12,Bond,Sell,149,86.3,12858.699999999999,PF001
924,2027-07-13,Bond,Sell,68,45.5,3094.0,PF005
925,2027-07-14,Option,Buy,143,78.1,11168.3,PF001
926,2027-07-15,Bond,Sell,162,89.7,14531.4,PF002
927,2027-07-16,Bond,Buy,195,51.7,10081.5,PF005
928,2027-07-17,Stock,Buy,112,94.6,10595.199999999999,PF001
929,2027-07-18,Bond,Buy,165,80.9,13348.500000000002,PF003
930,2027-07-19,Bond,Sell,162,106.7,17285.4,PF004
931,2027-07-20,Option,Sell,96,43.0,4128.0,PF004
932,2027-07-21,Option,Buy,106,58.6,6211.6,PF003
933,2027-07-22,Option,Sell,167,82.1,13710.699999999999,PF002
934,2027-07-23,Option,Sell,94,60.8,5715.2,PF005
935,2027-07-24,Option,Buy,194,90.0,17460.0,PF004
936,2027-07-25,Option,Buy,53,93.1,4934.299999999999,PF003
937,2027-07-26,Bond,Sell,197,47.2,9298.400000000001,PF003
938,2027-07-27,Option,Buy,96,76.0,7296.0,PF002
939,2027-07-28,Option,Sell,192,75.6,14515.199999999999,PF002
940,2027-07-29,Stock,Sell,96,65.8,6316.799999999999,PF001
941,2027-07-30,Bond,Sell,127,105.3,13373.1,PF004
942,2027-07-31,Bond,Sell,173,97.9,16936.7,PF001
943,2027-08-01,Bond,Buy,124,88.8,11011.199999999999,PF003
944,2027-08-02,Option,Buy,152,90.0,13680.0,PF005
945,2027-08-03,Option,Buy,186,72.3,13447.8,PF005
946,2027-08-04,Option,Buy,139,104.5,14525.5,PF002
947,2027-08-05,Stock,Sell,193,88.6,17099.8,PF005
948,2027-08-06,Option,Sell,118,91.0,10738.0,PF005
949,2027-08-07,Stock,Buy,110,100.3,11033.0,PF005
950,2027-08-08,Bond,Sell,187,59.2,11070.4,PF003
951,2027-08-09,Option,Sell,99,96.5,9553.5,PF005
952,2027-08-10,Stock,Sell,52,53.7,2792.4,PF005
953,2027-08-11,Stock,Buy,156,64.2,10015.2,PF005
954,2027-08-12,Option,Buy,162,63.5,10287.0,PF001
955,2027-08-13,Bond,Buy,143,108.5,15515.5,PF003
956,2027-08-14,Bond,Sell,167,100.0,16700.0,PF002
957,2027-08-15,Bond,Buy,130,89.1,11583.0,PF001
958,2027-08-16,Stock,Buy,158,90.9,14362.2,PF004
959,2027-08-17,Stock,Buy,100,79.3,7930.0,PF003
960,2027-08-18,Stock,Buy,196,106.3,20834.8,PF003
961,2027-08-19,Stock,Buy,84,74.7,6274.8,PF004
962,2027-08-20,Bond,Buy,95,66.6,6326.999999999999,PF004
963,2027-08-21,Option,Sell,118,51.4,6065.2,PF004
964,2027-08-22,Stock,Sell,142,95.0,13490.0,PF002
965,2027-08-23,Stock,Buy,113,91.4,10328.2,PF005
966,2027-08-24,Bond,Buy,98,66.9,6556.200000000001,PF003
967,2027-08-25,Option,Sell,198,41.8,8276.4,PF005
968,2027-08-26,Option,Sell,123,98.7,12140.1,PF005
969,2027-08-27,Bond,Buy,54,40.8,2203.2,PF004
970,2027-08-28,Bond,Buy,149,89.3,13305.699999999999,PF002
971,2027-08-29,Option,Buy,119,107.9,12840.1,PF001
972,2027-08-30,Stock,Buy,139,70.6,9813.4,PF002
973,2027-08-31,Option,Sell,53,56.4,2989.2,PF005
974,2027-09-01,Bond,Buy,175,89.3,15627.5,PF002
975,2027-09-02,Stock,Buy,88,97.2,8553.6,PF004
976,2027-09-03,Stock,Buy,178,78.3,13937.4,PF001
977,2027-09-04,Bond,Buy,73,107.7,7862.1,PF004
978,2027-09-05,Bond,Sell,106,43.6,4621.6,PF001
979,2027-09-06,Bond,Sell,149,75.3,11219.699999999999,PF005
980,2027-09-07,Option,Sell,119,90.3,10745.699999999999,PF001
981,2027-09-08,Option,Buy,90,100.4,9036.0,PF001
982,2027-09-09,Stock,Buy,109,52.5,5722.5,PF001
983,2027-09-10,Bond,Sell,157,96.0,15072.0,PF002
984,2027-09-11,Stock,Buy,106,78.7,8342.2,PF002
985,2027-09-12,Stock,Buy,80,67.8,5424.0,PF005
986,2027-09-13,Stock,Sell,133,49.2,6543.6,PF001
987,2027-09-14,Stock,Sell,85,100.6,8551.0,PF003
988,2027-09-15,Bond,Sell,157,51.0,8007.0,PF005
989,2027-09-16,Stock,Sell,155,61.7,9563.5,PF001
990,2027-09-17,Bond,Buy,135,60.3,8140.5,PF001
991,2027-09-18,Bond,Buy,184,101.0,18584.0,PF002
992,2027-09-19,Option,Sell,63,87.1,5487.299999999999,PF005
993,2027-09-20,Bond,Buy,169,95.8,16190.199999999999,PF001
994,2027-09-21,Option,Sell,187,57.5,10752.5,PF001
995,2027-09-22,Bond,Sell,129,83.7,10797.300000000001,PF005
996,2027-09-23,Bond,Buy,193,80.0,15440.0,PF003
997,2027-09-24,Bond,Sell,155,98.3,15236.5,PF005
998,2027-09-25,Option,Buy,119,103.4,12304.6,PF005
999,2027-09-26,Option,Buy,93,40.9,3803.7,PF003
1000,2027-09-27,Stock,Buy,122,87.2,10638.4,PF005
